{
	"width" : 640,
	"height" : 480,
	"intrinsic_matrix" :
	[
		608.63336182,
		0,
		321.83551025,
		0,
		608.51879883,
		242.33828735,
		0,
		0,
		1
	]
}
